driver,pearson_r_with_dlogQ,n
dlogV,0.5261006655320474,23
dTeff,-0.94310779900208,23
dsubfrac,-0.23434905705818174,23
dttp,-0.08806489543624654,23
